Mia;Müller;f;Zürich;33;88319
Emma;Schmidt;f;Genf;39;43416
Hannah;Schneider;f;Basel;70;98403
Sofia;Fischer;f;Lausanne;31;90227
Anna;Weber;f;Bern;57;47979
Lea;Meyer;f;Winterthur;37;74466
Emilia;Wagner;f;Luzern;48;90790
Marie;Becker;f;Lugano;24;50202
Lena;Schulz;f;Biel/Bienne;36;68227
Leonie;Hoffmann;f;Thun;52;41741
Emily;Schäfer;f;Köniz;47;70850
Lina;Bauer;f;Schaffhausen;22;46111
Amelie;Koch;f;Freiburg;28;99364
Sophie;Richter;f;Chur;21;40725
Lilly;Klein;f;Neuenburg;22;42570
Luisa;Wolf;f;Vernier;64;97557
Johanna;Schröder;f;Uster;67;83391
Laura;Neumann;f;Sitten;21;64592
Nele;Schwarz;f;Lancy;62;48312
Lara;Braun;f;Emmen;38;75274
Maja;Hofmann;f;Yverdon-les-Bains;70;97554
Charlotte;Zimmermann;f;Zug;59;45660
Clara;Schmitt;f;Kriens;50;78178
Leni;Hartmann;f;Rapperswil-Jona;22;54979
Sarah;Krüger;f;Dübendorf;40;84740
Pia;Schmid;f;Montreux;32;65505
Mila;Werner;f;Dietikon;39;51541
Alina;Lange;f;Frauenfeld;35;98177
Lisa;Schmitz;f;Wetzikon;69;52481
Lotta;Meier;f;Baar;57;80350
Ida;Krause;f;Meyrin;69;79511
Julia;Maier;f;Riehen;69;63279
Greta;Lehmann;f;Wädenswil;66;95419
Mathilda;Huber;f;Wettingen;70;82338
Melina;Mayer;f;Carouge;44;40619
Zoe;Herrmann;f;Renens;70;40631
Frieda;Köhler;f;Kreuzlingen;30;40395
Lia;Walter;f;Aarau;25;94254
Paula;König;f;Allschwil;21;91296
Marlene;Schulze;f;Bulle;22;92349
Ella;Fuchs;f;Horgen;68;41606
Emely;Kaiser;f;Nyon;56;78384
Jana;Lang;f;Reinach;66;94280
Victoria;Weiß;f;Vevey;59;43584
Josephine/;Peters;f;Kloten;70;99159
Finja;Scholz;f;Wil;58;98318
Isabell;Jung;f;Baden;46;40431
Helena;Möller;f;Gossau;32;72985
Isabella;Hahn;f;Onex;26;74740
Elisa;Keller;f;Bülach;70;98388
Amy;Vogel;f;Volketswil;69;40523
Mara;Schubert;f;Bellinzona;24;77213
Mira;Roth;f;Muttenz;49;41499
Katharina;Frank;f;Thalwil;60;42810
Jasmin;Friedrich;f;Pully;25;41157
Stella;Beck;f;Olten;53;50164
Lucy;Günther;f;Regensdorf;28;41881
Luise;Berger;f;Adliswil;22;43911
Antonia;Winkler;f;Monthey;36;97222
Annika;Lorenz;f;Schlieren;36;63300
Fiona;Baumann;f;Martigny;33;81555
Pauline;Schuster;f;Solothurn;42;71502
Nora;Kraus;f;Grenchen;30;43241
Eva;Böhm;f;Freienbach;51;57163
Jule;Simon;f;Illnau-Effretikon;69;78944
Magdalena;Franke;f;Opfikon;60;99315
Luna;Albrecht;f;Siders;31;43710
Merle;Winter;f;Ostermundigen;25;41430
Carla;Ludwig;f;Steffisburg;27;41302
Maria;Martin;f;Burgdorf;22;85337
Nina;Krämer;f;Pratteln;70;45501
Theresa;Schumacher;f;Herisau;21;85512
Melissa;Vogt;f;Locarno;21;41872
Franziska;Jäger;f;Langenthal;70;40600
Martha;Stein;f;Cham;25;64304
Milena;Otto;f;Morges;47;67919
Chiara;Groß;f;Binningen;66;43756
Ronja;Sommer;f;Wohlen;44;41516
Carlotta;Haas;f;Schwyz;34;46283
Elena;Graf;f;Einsiedeln;31;75792
Romy;Heinrich;f;Stäfa;52;94154
Mina;Seidel;f;Wallisellen;23;65825
Helene;Schreiber;f;Arbon;32;46719
Selina;Ziegler;f;Liestal;39;40744
Annabell;Brandt;f;Thônex;22;46863
Paulina;Kuhn;f;Küsnacht;67;92307
Vanessa;Schulte;f;Horw;35;44373
Maila;Dietrich;f;Versoix;70;45871
Anni;Kühn;f;Uzwil;64;42799
Fabienne;Engel;f;Muri;21;90116
Zoey;Pohl;f;Meilen;61;97109
Sina;Horn;f;Spiez;51;52621
Miriam;Sauer;f;Brig-Glis;23;98319
Leila;Arnold;f;Richterswil;69;99019
Linda;Thomas;f;Oftringen;66;41247
Aylin;Bergmann;f;Glarus;21;50673
Samira;Busch;f;Amriswil;34;85020
Elina;Pfeiffer;f;Küssnacht;21;51915
Jolina;Voigt;f;Ebikon;21;92151
Celina;Götz;f;Zollikon;23;96585
Elisabeth;Seifert;f;Rüti;70;72726
Valentina;Lindner;f;Rheinfelden;31;90679
Julie;Ernst;f;Lyss;34;96822
Kira;Hübner;f;Münchenstein;24;91282
Alissa;Kramer;f;Delsberg;38;91225
Olivia;Franz;f;Gland;23;43163
Jette;Beyer;f;Mendrisio;70;40600
Kim;Wolff;f;Prilly;67;69753
Elif;Peter;f;Villars-sur-Glâne;60;54405
Aaliyah;Jansen;f;Worb;21;95822
Ela;Kern;f;Buchs;70;95677
Lotte;Barth;f;Davos;21;98061
Anastasia;Wenzel;f;Ecublens;67;89022
Luana;Hermann;f;Affoltern;55;95262
Hailey;Ott;f;Bassersdorf;34;93212
Lucia;Paul;f;Ittigen;28;96607
Lenja;Riedel;f;Münsingen;27;43562
Rosalie;Wilhelm;f;Altstätten;58;42961
Vivien;Hansen;f;Spreitenbach;70;42870
Mona;Nagel;f;Val-de-Travers;56;40975
Lana;Grimm;f;Zofingen;67;58511
Carolin;Lenz;f;Arth;24;82844
Juna;Ritter;f;Pfäffikon;21;99024
Elli;Bock;f;Männedorf;63;93933
Lynn;Langer;f;Oberwil;22;99563
Diana;Kaufmann;f;Chêne-Bougeries;57;40730
Thea;Mohr;f;Brugg;29;40385
Alexandra;Förster;f;Weinfelden;22;92653
Angelina;Zimmer;f;Hinwil;45;99524
Carolina;Haase;f;Birsfelden;69;94827
Marla;Lutz;f;Belp;69;89987
Michelle;Kruse;f;Aesch;59;49067
Tessa;Jahn;f;Le;52;98943
Tabea;Schumann;f;Möhlin;30;46599
Celine;Fiedler;f;Veyrier;23;40715
Leticia;Thiel;f;Zürich;21;62489
Svea;Hoppe;f;Genf;33;48378
Alisa;Kraft;f;Basel;32;58515
Marleen;Michel;f;Lausanne;49;41359
Milla;Marx;f;Bern;68;95475
Amalia;Fritz;f;Winterthur;21;71129
Joleen;Arndt;f;Luzern;70;78593
Mariella;Eckert;f;Lugano;25;42027
Laila;Schütz;f;Biel/Bienne;64;71201
Liana;Walther;f;Thun;23;99481
Rebekka;Petersen;f;Köniz;53;92558
Alessia;Berg;f;Schaffhausen;66;59498
Kimberly;Schindler;f;Freiburg;29;42721
Nala;Kunz;f;Chur;66;83135
Nelly;Reuter;f;Neuenburg;30;90703
Alicia;Sander;f;Vernier;33;87321
Annalena;Schilling;f;Uster;52;97727
Emmi;Reinhardt;f;Sitten;21;89972
Aurelia;Frey;f;Lancy;68;72644
Lene;Ebert;f;Emmen;70;41815
Christina;Böttcher;f;Yverdon-les-Bains;56;92817
Samantha;Thiele;f;Zug;40;98617
Larissa;Gruber;f;Kriens;70;40710
Noemi;Schramm;f;Rapperswil-Jona;22;99164
Dana;Hein;f;Dübendorf;31;76106
Ina;Bayer;f;Montreux;37;58980
Evelyn;Fröhlich;f;Dietikon;67;95299
Anne;Voß;f;Frauenfeld;36;49182
Natalie;Herzog;f;Wetzikon;27;40760
Alma;Hesse;f;Baar;66;70160
Amelia;Maurer;f;Meyrin;22;65330
Giulia;Rudolph;f;Riehen;70;61354
Lorena;Nowak;f;Wädenswil;68;95118
Fenja;Geiger;f;Wettingen;59;86801
Zeynep;Beckmann;f;Carouge;68;96823
Leona;Kunze;f;Renens;28;75650
Tilda;Seitz;f;Kreuzlingen;70;83455
Felicitas;Stephan;f;Aarau;32;99373
Liv;Büttner;f;Allschwil;62;98112
Liliana;Bender;f;Bulle;63;44948
Nisa;Gärtner;f;Horgen;21;98325
Veronika;Bachmann;f;Nyon;35;46892
Jara;Behrens;f;Reinach;60;48774
Xenia;Scherer;f;Vevey;23;91503
Amira;Adam;f;Kloten;58;40529
Linea;Stahl;f;Wil;50;45287
Medina;Steiner;f;Baden;23;45168
Tuana;Kurz;f;Gossau;43;78933
Malia;Dietz;f;Onex;43;57937
Henriette;Brunner;f;Bülach;25;67579
Jonna;Witt;f;Volketswil;70;96026
Jessika;Moser;f;Bellinzona;42;49814
Cataleya;Fink;f;Muttenz;21;98634
Naila;Ullrich;f;Thalwil;28;57607
Valerie;Kirchner;f;Pully;54;98321
Alexa;Löffler;f;Olten;70;90856
Carina;Heinz;f;Regensdorf;54;40702
Dilara;Schultz;f;Adliswil;63;63332
Estelle;Ulrich;f;Monthey;70;45864
Maira;Reichert;f;Schlieren;70;99021
Daria;Schwab;f;Martigny;59;85893
Joline;Breuer;f;Solothurn;67;40961
Elise;Gerlach;f;Grenchen;68;72779
Helen;Brinkmann;f;Freienbach;60;93009
Josie;Göbel;f;Illnau-Effretikon;22;40850
Rosa;Blum;f;Opfikon;62;40610
Azra;Brand;f;Siders;66;44117
Tamina;Naumann;f;Ostermundigen;66;42534
Ava;Stark;f;Steffisburg;21;42462
Enna;Wirth;f;Burgdorf;39;41109
Bella;Schenk;f;Pratteln;70;99112
Leana;Binder;f;Herisau;43;82995
Melanie;Körner;f;Locarno;35;50979
Alena;Schlüter;f;Langenthal;32;54353
Cheyenne;Rieger;f;Cham;25;52724
Enie;Urban;f;Morges;25;48471
Melia;Böhme;f;Binningen;21;99071
Meryem;Jakob;f;Wohlen;64;99552
Esma;Schröter;f;Schwyz;70;81509
Leandra;Krebs;f;Einsiedeln;22;73204
Livia;Wegner;f;Stäfa;62;40593
Selma;Heller;f;Wallisellen;46;73660
Malin;Kopp;f;Arbon;30;99603
Nela;Link;f;Liestal;34;67514
Ylvi;Wittmann;f;Thônex;22;41260
Ashley;Unger;f;Küsnacht;23;59125
Madita;Reimann;f;Horw;38;76388
Marina;Ackermann;f;Versoix;70;89891
Marlena;Hirsch;f;Uzwil;34;56247
Janne;Schiller;f;Muri;27;73724
Jill;Döring;f;Meilen;37;48077
Maike;May;f;Spiez;69;98539
Rieke;Bruns;f;Brig-Glis;64;44300
Amina;Wendt;f;Richterswil;26;59108
Ayla;Wolter;f;Oftringen;22;66934
Melinda;Menzel;f;Glarus;49;46137
Alea;Pfeifer;f;Amriswil;65;50619
Amilia;Sturm;f;Küssnacht;66;41481
Aurora;Buchholz;f;Ebikon;43;97626
Mailin;Rose;f;Zollikon;40;41114
Elin;Meißner;f;Rüti;64;99469
Enya;Janssen;f;Rheinfelden;70;96334
Florentine;Bach;f;Lyss;47;45232
Selin;Engelhardt;f;Münchenstein;24;98054
Valeria;Bischoff;f;Delsberg;21;98982
Annelie;Bartsch;f;Gland;23;70551
Heidi;John;f;Mendrisio;69;42867
Malina;Kohl;f;Prilly;27;43337
Nicole;Kolb;f;Villars-sur-Glâne;66;45155
Nika;Münch;f;Worb;48;46634
Flora;Vetter;f;Buchs;21;50374
Holly;Hildebrandt;f;Davos;69;99585
Liya;Renner;f;Ecublens;69;93372
Josefin;Weiss;f;Affoltern;31;41012
Lenia;Kiefer;f;Bassersdorf;35;65257
Milana;Rau;f;Ittigen;56;67811
Tamara;Hinz;f;Münsingen;66;46775
Asya;Wilke;f;Altstätten;29;98726
Freya;Gebhardt;f;Spreitenbach;58;72101
Lilian;Siebert;f;Val-de-Travers;47;64513
Talia;Baier;f;Zofingen;57;49613
Alice;Köster;f;Arth;70;96028
Mary;Rohde;f;Pfäffikon;29;91481
Eliana;Will;f;Männedorf;64;40582
Felina;Fricke;f;Oberwil;40;42053
Hermine;Freitag;f;Chêne-Bougeries;63;40955
Mathea;Nickel;f;Brugg;67;97180
Sonja;Reich;f;Weinfelden;36;87942
Alisha;Funk;f;Hinwil;23;41096
Soraya;Linke;f;Birsfelden;70;52849
Elaine;Keil;f;Belp;40;41261
Madeleine;Hennig;f;Aesch;58;96250
Jolie;Witte;f;Le;68;51543
Ceylin;Stoll;f;Möhlin;23;98890
Eda;Schreiner;f;Veyrier;67;61316
Svenja;Held;f;Zürich;22;40455
Jamie;Noack;f;Genf;67;73528
Kate;Brückner;f;Basel;21;51197
Lilith;Decker;f;Lausanne;33;94464
Madlen;Neubauer;f;Bern;41;86062
Mariam;Westphal;f;Winterthur;22;43778
Miley;Heinze;f;Luzern;64;48268
Saskia;Baum;f;Lugano;59;53163
Tiana;Schön;f;Biel/Bienne;21;50530
Abby;Wimmer;f;Thun;70;76567
Aleyna;Marquardt;f;Köniz;27;89616
Ann;Stadler;f;Schaffhausen;69;63117
Edda;Schlegel;f;Freiburg;60;44265
Jolien;Kremer;f;Chur;26;53430
Adriana;Ahrens;f;Neuenburg;21;45887
Cara;Hammer;f;Vernier;66;94075
Hedi;Röder;f;Uster;66;41952
Ilayda;Pieper;f;Sitten;70;79188
Jenna;Kirsch;f;Lancy;21;88175
Miray;Fuhrmann;f;Emmen;49;69018
Alia;Henning;f;Yverdon-les-Bains;66;74904
Elsa;Krug;f;Zug;24;77536
Esila;Popp;f;Kriens;27;70399
Jennifer;Conrad;f;Rapperswil-Jona;70;88258
Alexia;Karl;f;Dübendorf;67;97737
Ellen;Krieger;f;Montreux;61;42329
Felicia;Mann;f;Dietikon;22;96910
Janina;Wiedemann;f;Frauenfeld;21;53404
Joana;Lemke;f;Wetzikon;26;74155
Kaja;Erdmann;f;Baar;26;46505
Liara;Mertens;f;Meyrin;28;97226
Marit;Heß;f;Riehen;70;41046
Juliana;Esser;f;Wädenswil;28;42729
Juliane;Hanke;f;Wettingen;24;87372
Lilia;Strauß;f;Carouge;34;41894
Smilla;Miller;f;Renens;40;86083
Talea;Berndt;f;Kreuzlingen;70;94565
Viola;Konrad;f;Aarau;57;40787
Anouk;Jacob;f;Allschwil;58;95953
Charlotta;Philipp;f;Bulle;21;62996
Jasmina;Metzger;f;Horgen;64;98411
Levke;Henke;f;Nyon;47;99383
Aimee;Wiese;f;Reinach;37;43655
Ecrin;Hauser;f;Vevey;31;86897
Malea;Dittrich;f;Kloten;64;50848
Marieke;Albert;f;Wil;21;97283
Naemi;Klose;f;Baden;34;75422
Adelina;Bader;f;Gossau;31;99039
Mathilde;Herbst;f;Onex;36;42608
Melek;Henkel;f;Bülach;70;40501
Melisa;Kröger;f;Volketswil;21;53416
Naomi;Wahl;f;Bellinzona;33;66793
Nike;Bartels;f;Muttenz;29;93537
Philine;Harms;f;Thalwil;60;59346
Shania;Fritsch;f;Pully;67;59484
Verena;Adler;f;Olten;69;52840
Cora;Großmann;f;Regensdorf;22;99077
Felia;Burger;f;Adliswil;21;98011
Malou;Schrader;f;Monthey;45;44561
Patricia;Probst;f;Schlieren;54;73471
Bianca;Martens;f;Martigny;63;44505
Claire;Baur;f;Solothurn;39;41815
Delia;Burkhardt;f;Grenchen;69;91982
Friederike;Hess;f;Freienbach;22;98946
Giuliana;Mayr;f;Illnau-Effretikon;65;97918
Yagmur;Nolte;f;Opfikon;48;44087
Cassandra;Heine;f;Siders;25;44885
Joy;Kuhlmann;f;Ostermundigen;23;87570
Loreen;Klaus;f;Steffisburg;28;78258
Sena;Kühne;f;Burgdorf;51;75563
Tara;Kluge;f;Pratteln;27;95632
Ceyda;Bernhardt;f;Herisau;25;86620
Eslem;Blank;f;Locarno;64;95910
Helin;Hamann;f;Langenthal;21;44577
Jona;Steffen;f;Cham;23;43974
Lola;Brenner;f;Morges;52;65714
Malena;Rauch;f;Binningen;26;69311
Melody;Reiter;f;Wohlen;65;74664
Romina;Preuß;f;Schwyz;63;82959
Anja;Jost;f;Einsiedeln;65;78104
Fatima;Wild;f;Stäfa;31;82086
Zara;Hummel;f;Wallisellen;40;98759
Zehra;Beier;f;Arbon;64;86536
Annemarie;Krauß;f;Liestal;64;54908
Cecilia;Lindemann;f;Thônex;21;42616
Dalia;Herold;f;Küsnacht;22;99330
Elea;Christ;f;Horw;30;43506
Ellie;Niemann;f;Versoix;27;68329
Katja;Funke;f;Uzwil;27;79852
Melis;Haupt;f;Muri;70;98842
Stefanie;Janßen;f;Meilen;68;42484
Tina;Vollmer;f;Spiez;70;94969
Feyza;Straub;f;Brig-Glis;25;53994
Fine;Strobel;f;Richterswil;68;41905
Josephina;Wiegand;f;Oftringen;33;42464
Vivian;Merz;f;Glarus;70;91094
Adele;Haag;f;Amriswil;48;97001
Alva;Holz;f;Küssnacht;27;95165
Eleni;Knoll;f;Ebikon;25;97550
Eliza;Zander;f;Zollikon;70;74209
Enni;Rausch;f;Rüti;69;96218
Franka;Bode;f;Rheinfelden;66;40623
Janna;Beer;f;Lyss;51;40999
Maileen;Betz;f;Münchenstein;23;86270
Maxi;Anders;f;Delsberg;21;69608
Sidney;Wetzel;f;Gland;22;40847
Ada;Hartung;f;Mendrisio;70;66073
Amara;Glaser;f;Prilly;34;48463
Inga;Fleischer;f;Villars-sur-Glâne;23;60963
Leia;Rupp;f;Worb;22;50164
Liz;Reichel;f;Buchs;31;91930
Lou;Lohmann;f;Davos;30;42914
Lydia;Diehl;f;Ecublens;70;45572
Marisa;Jordan;f;Affoltern;22;46537
Sila;Eder;f;Bassersdorf;24;79952
Stina;Rothe;f;Ittigen;22;74097
Tamia;Weis;f;Münsingen;21;95425
Alara;Heinemann;f;Altstätten;55;44326
Anisa;Dörr;f;Spreitenbach;70;51572
Cleo;Metz;f;Val-de-Travers;21;43243
Megan;Kroll;f;Zofingen;21;48457
Nea;Freund;f;Arth;24;65311
Penelope;Wegener;f;Pfäffikon;60;46962
Zümra;Hohmann;f;Männedorf;49;99573
Beyza;Geißler;f;Oberwil;21;50216
Charleen;Schüler;f;Chêne-Bougeries;22;40607
Femke;Schade;f;Brugg;21;93053
Henrieke;Raab;f;Weinfelden;21;98876
Jamila;Feldmann;f;Hinwil;25;98645
Jenny;Zeller;f;Birsfelden;39;40742
Mirja;Neubert;f;Belp;21;87486
Nila;Rapp;f;Aesch;49;40806
Salome;Kessler;f;Le;34;99591
Sandra;Heck;f;Möhlin;32;43417
Alessa;Meister;f;Veyrier;21;43210
Christin;Stock;f;Zürich;61;57119
Evelina;Römer;f;Genf;36;58308
Joyce;Seiler;f;Basel;22;43397
Kiana;Altmann;f;Lausanne;70;98253
Line;Behrendt;f;Bern;32;41219
Natalia;Jacobs;f;Winterthur;23;41218
Ria;Mai;f;Luzern;26;45717
Tanja;Bär;f;Lugano;40;68342
Betty;Wunderlich;f;Biel/Bienne;61;58645
Davina;Schütte;f;Thun;26;66684
Defne;Lauer;f;Köniz;66;98850
Denise;Benz;f;Schaffhausen;27;87840
Dila;Weise;f;Freiburg;45;99334
Eleonora;Völker;f;Chur;21;40380
Gloria;Sonntag;f;Neuenburg;21;98715
Judith;Bühler;f;Vernier;64;59593
Julika;Gerber;f;Uster;48;96727
Käthe;Kellner;f;Sitten;21;49472
Katrin;Bittner;f;Lancy;33;92439
Laureen;Schweizer;f;Emmen;21;59521
Leonora;Keßler;f;Yverdon-les-Bains;36;91386
Lisbeth;Hagen;f;Zug;31;40983
Luzi;Wieland;f;Kriens;69;92991
Maxima;Born;f;Rapperswil-Jona;21;44125
Neyla;Merkel;f;Dübendorf;39;40508
Nisanur;Falk;f;Montreux;23;89134
Phoebe;Busse;f;Dietikon;70;50691
Ruby;Gross;f;Frauenfeld;60;59879
Sabrina;Eichhorn;f;Wetzikon;46;51403
Vera;Greiner;f;Baar;69;47995
Ziva;Moritz;f;Meyrin;57;73146
Abigail;Forster;f;Riehen;21;42393
Alya;Stumpf;f;Wädenswil;70;94181
Andrea;Seidl;f;Wettingen;63;96307
Ariana;Scharf;f;Carouge;48;42363
Belinay;Hentschel;f;Renens;58;52938
Fanny;Buck;f;Kreuzlingen;65;42068
Ivy;Voss;f;Aarau;69;43373
Joanna;Hartwig;f;Allschwil;48;50798
Jolin;Heil;f;Bulle;47;83620
Lavin;Eberhardt;f;Horgen;57;78158
Maren;Oswald;f;Nyon;26;49901
Melike;Lechner;f;Reinach;51;80604
Nia;Block;f;Vevey;58;43875
Nova;Heim;f;Kloten;23;76100
Saphira;Steffens;f;Wil;21;70717
Tia;Weigel;f;Baden;21;97348
Amanda;Pietsch;f;Gossau;64;89025
Ariane;Brandl;f;Onex;44;43429
Arina;Schott;f;Bülach;69;82537
Dorothea;Gottschalk;f;Volketswil;35;65210
Emina;Bertram;f;Bellinzona;55;49388
Feline;Ehlers;f;Muttenz;22;99236
Julina;Fleischmann;f;Thalwil;21;88452
Lieselotte;Albers;f;Pully;22;99037
Luca;Weidner;f;Olten;55;96692
Mette;Hiller;f;Regensdorf;23;44205
Narin;Seeger;f;Adliswil;57;40674
Nilay;Geyer;f;Monthey;70;40489
Philippa;Jürgens;f;Schlieren;54;56814
Polly;Baumgartner;f;Martigny;49;92623
Rafaela;Mack;f;Solothurn;21;85116
Ruth;Schuler;f;Grenchen;45;40504
Sharon;Appel;f;Freienbach;30;43160
Summer;Pape;f;Illnau-Effretikon;68;56796
Clarissa;Dorn;f;Opfikon;22;40401
Elanur;Wulf;f;Siders;64;96866
Esther;Opitz;f;Ostermundigen;22;97881
Isa;Wiesner;f;Steffisburg;53;59957
Liyana;Hecht;f;Burgdorf;50;41130
Nadine;Moll;f;Pratteln;70;40664
Sarina;Gabriel;f;Herisau;70;42487
Serafina;Auer;f;Locarno;66;80572
Violetta;Engelmann;f;Langenthal;25;48664
Yasmina;Singer;f;Cham;41;80910
Ylva;Neuhaus;f;Morges;58;98858
Acelya;Giese;f;Binningen;28;81433
Anita;Schütze;f;Wohlen;56;55019
Annabella;Geisler;f;Schwyz;27;43359
Ceren;Ruf;f;Einsiedeln;70;62257
Damla;Heuer;f;Stäfa;70;54589
Fatma;Noll;f;Wallisellen;21;47430
Fina;Scheffler;f;Arbon;30;70068
Frederike;Sauter;f;Liestal;44;77077
Grace;Reimer;f;Thônex;69;42591
Lale;Klemm;f;Küsnacht;51;90529
Leevke;Schaller;f;Horw;31;40864
Mareike;Hempel;f;Versoix;35;98906
Mieke;Kretschmer;f;Uzwil;21;63641
Rahel;Runge;f;Muri;69;91608
Stine;Springer;f;Meilen;69;99519
Timea;Riedl;f;Spiez;30;98157
Wiebke;Steinbach;f;Brig-Glis;26;99472
Alicja;Michels;f;Richterswil;48;97850
Anneke;Barthel;f;Oftringen;21;66781
Hanna;Pfaff;f;Glarus;21;80023
Sophia;Kohler;f;Amriswil;21;93657
Leah;Zahn;f;Küssnacht;25;82820
Emilie;Radtke;f;Ebikon;42;97303
Sofie;Neugebauer;f;Zollikon;41;80428
Lilli;Hensel;f;Rüti;30;63662
Louisa;Winkelmann;f;Rheinfelden;22;98378
Neele;Gebauer;f;Lyss;34;63369
Maya;Engels;f;Münchenstein;22;95967
Klara;Wichmann;f;Delsberg;70;88359
Sara;Eichler;f;Gland;31;49750
Matilda;Schnell;f;Mendrisio;27;99458
Zoé;Weller;f;Prilly;70;84515
Frida;Brüggemann;f;Villars-sur-Glâne;66;97651
Liah;Scholl;f;Worb;39;66645
Emelie;Timm;f;Buchs;27;51265
Viktoria;Siegel;f;Davos;70;51117
Finnja;Heise;f;Ecublens;31;57164
Isabel;Rösch;f;Affoltern;53;97495
Marah;Bürger;f;Bassersdorf;21;95176
Yasmin;Hinrichs;f;Ittigen;70;72094
Lucie;Stolz;f;Münsingen;23;42174
Louise;Walz;f;Altstätten;21;40767
Karla;Specht;f;Spreitenbach;29;97805
Teresa;Dick;f;Val-de-Travers;50;99041
Marta;Geier;f;Zofingen;64;99572
Kiara;Volk;f;Arth;21;69376
Karlotta;Junker;f;Pfäffikon;38;62853
Annabelle;Prinz;f;Männedorf;65;45444
Mayla;Otte;f;Oberwil;63;78748
Annie;Schick;f;Chêne-Bougeries;23;43301
Sinah;Klotz;f;Brugg;69;93233
Leyla;Haller;f;Weinfelden;68;92538
Eileen;Rother;f;Hinwil;70;81760
Joelina;Koller;f;Birsfelden;65;47436
Kyra;Börner;f;Belp;21;61822
Alyssa;Thoma;f;Aesch;70;64275
Aliya;Drescher;f;Le;22;52930
Haylie;Kempf;f;Möhlin;45;49593
Lenya;Schirmer;f;Veyrier;69;55950
Vivienne;Faber;f;Zürich;28;42405
Caroline;Frenzel;f;Genf;21;98365
Yuna;Uhlig;f;Basel;26;84184
Elly;Schnabel;f;Lausanne;24;99462
Linn;Wirtz;f;Bern;37;91985
Karolina;Dürr;f;Winterthur;43;70860
Letizia;Kranz;f;Luzern;26;80275
Marlen;Kasper;f;Lugano;67;47689
Layla;Hausmann;f;Biel/Bienne;35;44220
Kimberley;Hagemann;f;Thun;69;41052
Nahla;Gerhardt;f;Köniz;21;87583
Nelli;Lux;f;Schaffhausen;42;77578
Emmy;Fries;f;Freiburg;42;55534
Evelin;Haug;f;Chur;25;66904
Nathalie;Endres;f;Neuenburg;21;96992
Yara;Maas;f;Vernier;69;62394
Linnea;Schürmann;f;Uster;45;71527
Jessica;Eberle;f;Sitten;67;87054
Nayla;Knapp;f;Lancy;68;97093
Karina;Eggert;f;Emmen;63;40764
Mayra;Brauer;f;Yverdon-les-Bains;21;99567
Joeline;Finke;f;Zug;68;76727
Josy;Paulus;f;Kriens;56;49500
Chayenne;Petzold;f;Rapperswil-Jona;21;56033
Ylvie;Hauck;f;Dübendorf;70;76676
Jil;Rath;f;Montreux;69;44757
Meike;Elsner;f;Dietikon;22;89502
Rike;Dreyer;f;Frauenfeld;24;82769
Maylin;Sievers;f;Wetzikon;22;63799
Josephin;Faust;f;Baar;21;40641
Lillian;Dittmann;f;Meyrin;21;57688
Thalia;Wehner;f;Riehen;65;42177
Mattea;Kilian;f;Wädenswil;33;92686
Madleen;Sattler;f;Wettingen;69;64253
Maryam;Reichelt;f;Carouge;70;98168
Hedy;Langner;f;Renens;32;66653
Kaya;Rabe;f;Kreuzlingen;38;50476
Thalea;Bremer;f;Aarau;21;52711
Marike;Abel;f;Allschwil;22;99416
Bianka;Pütz;f;Bulle;21;97520
Kassandra;Wittig;f;Horgen;41;47861
Jonah;Kühl;f;Nyon;34;40454
Stephanie;Schober;f;Reinach;69;44443
Josefina;Maaß;f;Vevey;68;82027
Mayleen;Cordes;f;Kloten;36;66059
Sydney;Uhl;f;Wil;69;93256
Leya;Kahl;f;Baden;51;51556
Henrike;Korn;f;Gossau;68;42163
Kristin;Harder;f;Onex;22;85381
Catrin;Bernhard;f;Bülach;69;46478
Luzie;Ullmann;f;Volketswil;43;44708
Luka;Thieme;f;Bellinzona;25;41505
Raphaela;Klinger;f;Muttenz;28;82763
Ben;Bohn;m;Thalwil;49;49988
Luca;Biermann;m;Pully;69;84498
Paul;Vogl;m;Olten;69;46182
Jonas;Schütt;m;Regensdorf;66;53582
Finn;Schaefer;m;Adliswil;21;91275
Leon;Nguyen;m;Monthey;26;42006
Luis;Kemper;m;Schlieren;30;59522
Lukas;Knorr;m;Martigny;21;67006
Maximilian;Michaelis;m;Solothurn;22;72265
Felix;Große;m;Grenchen;21;40398
Noah;Gerdes;m;Freienbach;67;99037
Elias;Stöhr;m;Illnau-Effretikon;27;54600
Julian;Hartl;m;Opfikon;23;96362
Max;Lehner;m;Siders;70;65012
Tim;Mielke;m;Ostermundigen;25;41282
Moritz;Eggers;m;Steffisburg;25;76768
Henry;Schaaf;m;Burgdorf;60;95700
Niklas;Sieber;m;Pratteln;50;85994
Philipp;Melzer;m;Herisau;21;93099
Jakob;Behr;m;Locarno;54;83292
Tom;Weiler;m;Langenthal;23;97941
Emil;Lippert;m;Cham;60;41204
Alexander;Eckhardt;m;Morges;31;51606
David;Höfer;m;Binningen;28;97435
Oskar;Fritzsche;m;Wohlen;23;43992
Fabian;Helbig;m;Schwyz;70;98685
Anton;Theis;m;Einsiedeln;34;41267
Erik;Schlosser;m;Stäfa;40;48649
Rafael;Leonhardt;m;Wallisellen;21;52098
Matteo;Ries;m;Arbon;39;99003
Leo;Reinhold;m;Liestal;26;79419
Mats;Rademacher;m;Thônex;57;41578
Simon;Evers;m;Küsnacht;27;40416
Jannik;Rudolf;m;Horw;36;40558
Lennard;Rost;m;Versoix;38;56421
Liam;Horstmann;m;Uzwil;21;96797
Linus;Hecker;m;Muri;22;83166
Hannes;Dreher;m;Meilen;67;46356
Mika;Pilz;m;Spiez;22;68701
Vincent;Junge;m;Brig-Glis;22;40725
Adrian;Ehrhardt;m;Richterswil;64;40546
Jonathan;Matthes;m;Oftringen;23;72715
Theo;Klug;m;Glarus;21;88891
Nico;Kunkel;m;Amriswil;21;40628
Till;Steinmetz;m;Küssnacht;27;44570
Benjamin;Heitmann;m;Ebikon;23;41559
Florian;Bahr;m;Zollikon;27;98762
Marlon;Augustin;m;Rüti;44;98362
Julius;Höhne;m;Rheinfelden;59;68664
Nick;Hering;m;Lyss;39;86260
Samuel;Hellmann;m;Münchenstein;58;50182
Nils;Hildebrand;m;Delsberg;66;99194
Johannes;Trautmann;m;Gland;69;64885
Jona;Amann;m;Mendrisio;70;88992
Carl;Heinrichs;m;Prilly;55;41583
Daniel;Höhn;m;Villars-sur-Glâne;55;97914
Lennox;Heimann;m;Worb;21;99592
Aaron;Lück;m;Buchs;70;44098
Mattis;Nitsche;m;Davos;42;99473
Ole;Sprenger;m;Ecublens;38;44084
Leonard;Vogler;m;Affoltern;70;80490
Constantin;Claus;m;Bassersdorf;41;93073
Sebastian;Jensen;m;Ittigen;70;41576
Jannis;Blume;m;Münsingen;39;54815
Colin;Drews;m;Altstätten;69;96660
Joel;Damm;m;Spreitenbach;56;47984
Tobias;Hofer;m;Val-de-Travers;70;41247
Lenny;Kurth;m;Zofingen;63;69130
Milan;Groth;m;Arth;28;79932
Johann;Janke;m;Pfäffikon;24;78595
Joshua;Heilmann;m;Männedorf;21;93851
Dominic;Hellwig;m;Oberwil;28;99235
Maxim;Just;m;Chêne-Bougeries;23;98022
John;Wacker;m;Brugg;33;88727
Mohammed;Huth;m;Weinfelden;70;40926
Timo;Jahnke;m;Hinwil;70;96415
Robin;Strauch;m;Birsfelden;58;89062
Valentin;Stenzel;m;Belp;21;40882
Jayden;Böhmer;m;Aesch;70;42511
Benedikt;Hertel;m;Le;33;96338
Justus;Hornung;m;Möhlin;29;98338
Levin;Götze;m;Veyrier;45;77801
Damian;Reinhard;m;Zürich;23;82741
Phil;Ruppert;m;Genf;22;97366
Toni;Lau;m;Basel;43;41213
Levi;Renz;m;Lausanne;39;80619
Jamie;Sperling;m;Bern;61;43434
Lian;Teichmann;m;Winterthur;21;79844
Kilian;Schönfeld;m;Luzern;69;45798
Malte;Späth;m;Lugano;70;97319
Noel;Hafner;m;Biel/Bienne;36;41008
Jason;Alt;m;Thun;57;83249
Bennet;Borchert;m;Köniz;24;55795
Tyler;Rehm;m;Schaffhausen;51;94343
Gabriel;Pohlmann;m;Freiburg;69;87707
Sam;Pfister;m;Chur;34;88670
Michael;Zink;m;Neuenburg;22;44610
Artur;Roos;m;Vernier;69;40502
Bastian;Mader;m;Uster;43;41255
Bruno;Wille;m;Sitten;70;50320
Lasse;Schroeder;m;Lancy;38;50115
Marc;Heinen;m;Emmen;44;54797
Pepe;Lotz;m;Yverdon-les-Bains;31;40422
Luke;Balzer;m;Zug;22;57663
Oliver;Schwarze;m;Kriens;28;94688
Marvin;Westermann;m;Rapperswil-Jona;33;88799
Emilio;Ebner;m;Dübendorf;40;76967
Silas;Krieg;m;Montreux;69;52651
Emir;Schweiger;m;Dietikon;22;89856
Lars;Bosch;m;Frauenfeld;59;95810
Leopold;Engler;m;Wetzikon;25;98991
Richard;Schleicher;m;Baar;35;65947
Lias;Pfeffer;m;Meyrin;29;44022
Elia;Gehrke;m;Riehen;70;99148
Matti;Kaminski;m;Wädenswil;25;65313
Theodor;Schuh;m;Wettingen;70;92193
Christian;Clemens;m;Carouge;38;99011
Jannes;Liedtke;m;Renens;64;44783
Tristan;Wessel;m;Kreuzlingen;60;40878
Leandro;Friedrichs;m;Aarau;28;41451
Marcel;Eisele;m;Allschwil;23;80327
Frederik;Kirchhoff;m;Bulle;23;46209
Connor;Reiß;m;Horgen;21;75649
Manuel;Brockmann;m;Nyon;68;56593
Dean;Schöne;m;Reinach;25;93629
Adam;Frick;m;Vevey;26;45982
Diego;Ulbrich;m;Kloten;70;81311
Piet;Trapp;m;Wil;53;51038
Franz;Rößler;m;Baden;44;96905
Fritz;Hoyer;m;Gossau;68;90901
Hugo;Thomsen;m;Onex;59;40684
Michel;Scheer;m;Bülach;31;95808
Ilias;Wagener;m;Volketswil;31;98661
Nicolas;Starke;m;Bellinzona;61;96602
Matthias;Korte;m;Muttenz;22;98910
Dennis;Baumeister;m;Thalwil;56;89178
Jeremy;Kretzschmar;m;Pully;68;73265
Neo;Veit;m;Olten;65;96275
Finnley;Grote;m;Regensdorf;63;93240
Marco;Sachs;m;Adliswil;69;99488
Pascal;Nitschke;m;Monthey;21;87655
Fabio;Bartel;m;Schlieren;65;99147
Ludwig;Schwarzer;m;Martigny;70;74938
Malik;Hampel;m;Solothurn;49;94638
Nikita;Bischof;m;Grenchen;26;96721
Henrik;Schweitzer;m;Freienbach;22;42666
Lionel;Seemann;m;Illnau-Effretikon;67;41373
Martin;Grau;m;Opfikon;62;67937
Clemens;Lehnert;m;Siders;21;55904
Lorenz;Orth;m;Ostermundigen;69;69831
Milo;Süß;m;Steffisburg;39;42263
Ian;Loos;m;Burgdorf;25;48229
Len;Stiller;m;Pratteln;22;47474
Arne;Henze;m;Herisau;21;99125
Emilian;Lohse;m;Locarno;24;49453
Yusuf;Küster;m;Langenthal;57;63247
Lio;Baumgärtner;m;Cham;66;94769
Jasper;Oppermann;m;Morges;39;48390
Lion;Brendel;m;Binningen;21;96325
Maik;Kirschner;m;Wohlen;22;49152
Ferdinand;Schüller;m;Schwyz;23;45006
Thomas;Wendel;m;Einsiedeln;67;76116
Bela;Burmeister;m;Stäfa;36;41476
Konrad;Kastner;m;Wallisellen;70;44146
Marius;Daniel;m;Arbon;25;90134
Hendrik;Menke;m;Liestal;48;68045
Julien;Seibert;m;Thônex;38;87738
Eddi;Widmann;m;Küsnacht;23;64623
Friedrich;David;m;Horw;24;41232
Can;Reitz;m;Versoix;64;40384
Ali;Kühnel;m;Uzwil;66;40693
Berat;Diekmann;m;Muri;55;74770
Maurice;Steinert;m;Meilen;21;47631
Andreas;Klatt;m;Spiez;70;40502
Taylor;Wörner;m;Brig-Glis;27;41006
Kevin;Wolters;m;Richterswil;25;41825
Alessio;Fürst;m;Oftringen;68;95996
Kai;Lampe;m;Glarus;64;95139
Laurens;Heckmann;m;Amriswil;21;91495
Patrick;Wilde;m;Küssnacht;22;42541
Laurin;Buchner;m;Ebikon;68;63127
Janne;Becher;m;Zollikon;33;96902
Justin;Heider;m;Rüti;70;46244
Markus;Grundmann;m;Rheinfelden;50;63371
Carlo;Schwabe;m;Lyss;68;88719
Kian;Hager;m;Münchenstein;21;91725
Leonardo;Buschmann;m;Delsberg;38;75813
Willi;Keck;m;Gland;23;44225
Benno;Mühlbauer;m;Mendrisio;67;58130
Devin;Schauer;m;Prilly;69;82727
Luan;Petri;m;Villars-sur-Glâne;33;94694
Gustav;Rühl;m;Worb;23;88990
Leonhard;Eckstein;m;Buchs;59;99071
Mert;Schatz;m;Davos;21;99442
Chris;Kolbe;m;Ecublens;40;40999
Thore;Kling;m;Affoltern;65;98160
Leander;Knobloch;m;Bassersdorf;22;76924
Magnus;Otten;m;Ittigen;25;40914
Robert;Muth;m;Münsingen;21;96544
Nevio;Reinke;m;Altstätten;25;87995
Ryan;Baumgart;m;Spreitenbach;34;47079
Yasin;Horst;m;Val-de-Travers;39;46922
Fiete;Doll;m;Zofingen;70;46226
Henning;Kugler;m;Arth;42;54211
Arian;Gläser;m;Pfäffikon;28;40458
Roman;Stange;m;Männedorf;70;49613
Korbinian;Tietz;m;Oberwil;30;98380
Carlos;Schell;m;Chêne-Bougeries;24;52541
Jonte;Brüning;m;Brugg;53;63185
Alessandro;Helm;m;Weinfelden;53;98268
Peter;Hacker;m;Hinwil;50;99564
Deniz;Cremer;m;Birsfelden;54;75090
Nino;Riemer;m;Belp;48;86987
Alex;Behnke;m;Aesch;46;92248
Antonio;Heyer;m;Le;40;41513
Mailo;Reiser;m;Möhlin;67;56609
Brian;Steinke;m;Veyrier;65;47319
Amir;Ostermann;m;Zürich;21;63938
Christopher;Büchner;m;Genf;65;43317
Thilo;Häusler;m;Basel;68;98473
Charlie;Jacobi;m;Lausanne;66;40892
Damien;Heuser;m;Bern;21;49942
Mehmet;Obermeier;m;Winterthur;44;98438
Ricardo;Herr;m;Luzern;51;90443
Curt;Kübler;m;Lugano;60;51480
Dario;Spies;m;Biel/Bienne;21;94016
Joris;Spindler;m;Thun;69;48277
Victor;Schmidtke;m;Köniz;40;84505
Darian;Hermes;m;Schaffhausen;33;40490
Josef;Kreuzer;m;Freiburg;21;87782
Christoph;Kock;m;Chur;33;67494
Georg;Stamm;m;Neuenburg;25;96774
Jack;Pauli;m;Vernier;69;99209
Kaan;Ewald;m;Uster;61;57836
Mick;Hagedorn;m;Sitten;26;73066
Enno;Kersten;m;Lancy;25;82860
Kjell;Weiland;m;Emmen;32;98606
Aiden;Resch;m;Yverdon-les-Bains;23;47059
Domenic;Neu;m;Zug;21;99475
Jesper;Pabst;m;Kriens;22;43533
Enes;Kleine;m;Rapperswil-Jona;27;87764
Ömer;Grün;m;Dübendorf;48;58961
Titus;Janzen;m;Montreux;67;51510
Hamza;Berthold;m;Dietikon;50;94942
Mustafa;Apel;m;Frauenfeld;26;97073
Mikail;Löhr;m;Wetzikon;24;99237
Torben;Jakobs;m;Baar;58;54268
Jaron;Friedl;m;Meyrin;49;56402
Ruben;Ehlert;m;Riehen;23;78964
Bjarne;Bastian;m;Wädenswil;23;97092
Miran;Volz;m;Wettingen;69;42403
Stefan;Fritsche;m;Carouge;26;80996
Claas;Cramer;m;Renens;21;91985
Sascha;Weinert;m;Kreuzlingen;30;54925
Tammo;Frisch;m;Aarau;33;55320
Cedric;Grund;m;Allschwil;39;41056
Edgar;Wilms;m;Bulle;25;65704
Jerome;Scheller;m;Horgen;35;92599
Leif;Enders;m;Nyon;65;99133
Leonas;Mahler;m;Reinach;69;96158
Lino;Brandes;m;Vevey;50;93709
Romeo;Hamm;m;Kloten;56;96656
Andre;Wieczorek;m;Wil;44;98559
Nathan;Burghardt;m;Baden;69;87500
Tino;Schwartz;m;Gossau;70;42367
William;Thies;m;Onex;62;47441
Hanno;Brück;m;Bülach;61;59833
Sami;Stern;m;Volketswil;62;41368
Ahmed;Lukas;m;Bellinzona;30;45776
Miguel;Rode;m;Muttenz;49;96292
Steven;Hanisch;m;Thalwil;65;41066
Emin;Lauterbach;m;Pully;22;40490
Lean;Gehrmann;m;Olten;68;90121
Mirac;Yilmaz;m;Regensdorf;53;44608
Semih;Adams;m;Adliswil;23;97756
Sinan;Henn;m;Monthey;21;41662
Etienne;Merten;m;Schlieren;68;56434
Ibrahim;Gottwald;m;Martigny;67;40607
Mario;Petry;m;Solothurn;64;52999
Timon;Gehring;m;Grenchen;56;40432
Xaver;Hack;m;Freienbach;22;42253
Armin;Niemeyer;m;Illnau-Effretikon;26;62194
Efe;Backhaus;m;Opfikon;69;51609
Janosch;Rupprecht;m;Siders;63;99392
Kerem;Heidrich;m;Ostermundigen;68;75104
Mio;Heidenreich;m;Steffisburg;64;42238
Wilhelm;Mende;m;Burgdorf;38;46391
Albert;Volkmann;m;Pratteln;61;80512
Erwin;Hille;m;Herisau;22;85534
Hans;Herz;m;Locarno;36;97933
Marian;Böttger;m;Langenthal;37;99084
Anthony;Knauer;m;Cham;60;79775
Cem;Körber;m;Morges;21;95574
Emre;Baumgarten;m;Binningen;30;90197
Eymen;Bucher;m;Wohlen;58;96056
Leonidas;Schaub;m;Schwyz;66;65638
Aras;Michael;m;Einsiedeln;24;97539
Ensar;Eckardt;m;Stäfa;69;80943
Kenan;Lerch;m;Wallisellen;66;56583
Kuzey;Jonas;m;Arbon;70;93528
Lutz;Rahn;m;Liestal;21;83917
Selim;Budde;m;Thônex;63;85805
Tamme;Rösler;m;Küsnacht;70;89728
Valentino;Hannemann;m;Horw;64;85553
Danny;Seidler;m;Versoix;21;40421
Emanuel;Schiffer;m;Uzwil;52;97134
Giuliano;Sachse;m;Muri;63;92199
Hassan;Ochs;m;Meilen;21;48553
Kerim;Brehm;m;Spiez;30;40468
Umut;Hillebrand;m;Brig-Glis;67;80375
Amin;Hardt;m;Richterswil;35;98916
Arda;Zeidler;m;Oftringen;33;40609
Danilo;Wüst;m;Glarus;21;59362
Eren;Küpper;m;Amriswil;42;92436
Mattes;Ebeling;m;Küssnacht;69;57161
Vince;Hölscher;m;Ebikon;70;99043
Arvid;Grünewald;m;Zollikon;21;98209
Darius;Kowalski;m;Rüti;43;60928
Dustin;Thiemann;m;Rheinfelden;21;99468
Jake;Reis;m;Lyss;48;98012
Jarne;Welsch;m;Münchenstein;65;40639
Jim;Schultze;m;Delsberg;47;44656
Marten;Sailer;m;Gland;60;47065
Sean;Haack;m;Mendrisio;70;76369
James;Ortmann;m;Prilly;57;80034
Jean;Meurer;m;Villars-sur-Glâne;29;52779
Lucien;Ebel;m;Worb;23;47033
Rayan;Seibel;m;Buchs;54;64509
Elian;Kellermann;m;Davos;70;43483
Emirhan;Köhn;m;Ecublens;39;58947
Furkan;Tiedemann;m;Affoltern;22;90755
Jonne;Kunert;m;Bassersdorf;62;99292
Kalle;Bräuer;m;Ittigen;52;97515
Karim;Schaper;m;Münsingen;53;87070
Milian;Ehrlich;m;Altstätten;70;76138
Timur;Reif;m;Spreitenbach;66;43222
Damon;Aigner;m;Val-de-Travers;39;75367
Enrico;Wulff;m;Zofingen;25;71573
Marek;Berner;m;Arth;43;71344
Quentin;Bormann;m;Pfäffikon;69;60535
Alwin;Schröer;m;Männedorf;45;88293
Angelo;Armbruster;m;Oberwil;21;48680
Jesse;Eilers;m;Chêne-Bougeries;66;72235
Otto;Raabe;m;Brugg;69;82889
Samir;Fichtner;m;Weinfelden;21;60747
Yassin;Thelen;m;Hinwil;70;72618
Bilal;Bolz;m;Birsfelden;39;78121
Caspar;Pahl;m;Belp;37;54083
Jannek;Mangold;m;Aesch;70;48313
Jarno;Scheel;m;Le;43;62743
Maddox;Kratz;m;Möhlin;28;98157
Mahir;Hoch;m;Veyrier;21;76997
Marlo;Backes;m;Zürich;70;82902
Rico;Schuhmacher;m;Genf;62;98408
Tjark;Reinecke;m;Basel;69;96609
Elija;Zöller;m;Lausanne;29;93819
Iven;Johannsen;m;Bern;48;41824
Joscha;Dieckmann;m;Winterthur;26;93333
Nicolai;Drechsler;m;Luzern;41;41164
Rocco;Emmerich;m;Lugano;64;59154
Sven;Rauscher;m;Biel/Bienne;69;40667
Berkay;Post;m;Thun;40;41372
Dion;Weigand;m;Köniz;68;42216
Gregor;Hill;m;Schaffhausen;40;98208
Jano;Andres;m;Freiburg;21;92482
Koray;Wächter;m;Chur;59;99461
Ramon;Stratmann;m;Neuenburg;21;40510
Sandro;Wallner;m;Vernier;64;58569
Taylan;Spengler;m;Uster;30;42687
Davin;Metzner;m;Sitten;28;65178
Francesco;Merk;m;Lancy;29;80615
Jamal;Palm;m;Emmen;69;99122
Jordan;Hopf;m;Yverdon-les-Bains;22;97936
Lewis;Dietze;m;Zug;52;51834
Omar;Kammerer;m;Kriens;32;99544
Pius;Krohn;m;Rapperswil-Jona;40;98208
Taha;Kleinert;m;Dübendorf;46;98781
Veit;Linder;m;Montreux;40;45888
Amar;Henrich;m;Dietikon;42;44823
Eduard;Morgenstern;m;Frauenfeld;35;98769
Gianluca;Rogge;m;Wetzikon;23;59505
Ismail;Grube;m;Baar;70;96910
Joost;Grabowski;m;Meyrin;69;64396
Lucian;Wurm;m;Riehen;60;41483
Miko;Kummer;m;Wädenswil;66;73694
Sirac;Hoff;m;Wettingen;67;40933
Thies;Paulsen;m;Carouge;68;40946
Alfred;Ertl;m;Renens;56;40707
Dylan;Zorn;m;Kreuzlingen;66;49276
Eray;Petermann;m;Aarau;70;40929
Flynn;Küppers;m;Allschwil;25;82834
Hauke;Buchmann;m;Bulle;21;64041
Logan;Dreier;m;Horgen;61;51924
Melvin;Sommerfeld;m;Nyon;56;99393
Younes;Bähr;m;Reinach;21;53765
Ilja;Rosenberger;m;Vevey;45;99433
Jon;Reichardt;m;Kloten;69;81597
Mete;Reimers;m;Wil;54;43657
Tamino;März;m;Baden;46;46403
Alan;Heger;m;Gossau;67;99087
Arjen;Lenk;m;Onex;51;86887
Jenke;Jaeger;m;Bülach;63;94607
Johnny;Hopp;m;Volketswil;54;98102
Keno;Habermann;m;Bellinzona;24;98958
Loris;Boldt;m;Muttenz;24;52149
Milow;Schreier;m;Thalwil;51;72750
Santino;Ewert;m;Pully;28;67825
Tiago;Müller;m;Olten;23;96756
Burak;Schmidt;m;Regensdorf;51;85544
Fabrizio;Schneider;m;Adliswil;21;49485
Gian;Fischer;m;Monthey;28;97489
Hennes;Weber;m;Schlieren;58;50045
Kirill;Meyer;m;Martigny;54;81226
Lorik;Wagner;m;Solothurn;49;82549
Luiz;Becker;m;Grenchen;22;41235
Peer;Schulz;m;Freienbach;28;83036
Talha;Hoffmann;m;Illnau-Effretikon;50;97404
Tizian;Schäfer;m;Opfikon;68;98377
Tommy;Bauer;m;Siders;62;43572
Yunus;Koch;m;Ostermundigen;34;44074
Aidan;Richter;m;Steffisburg;69;46780
Baran;Klein;m;Burgdorf;46;65024
Björn;Wolf;m;Pratteln;23;44462
Cornelius;Schröder;m;Herisau;22;91916
Dorian;Neumann;m;Locarno;28;99484
Hagen;Schwarz;m;Langenthal;69;67952
Leano;Braun;m;Cham;22;41145
Quinn;Hofmann;m;Morges;21;40454
Youssef;Zimmermann;m;Binningen;39;88973
Benny;Schmitt;m;Wohlen;49;71791
Bent;Hartmann;m;Schwyz;68;99486
Ege;Krüger;m;Einsiedeln;70;64326
Gero;Schmid;m;Stäfa;59;62892
Ivan;Werner;m;Wallisellen;26;43670
Kimi;Lange;m;Arbon;67;90704
Levent;Schmitz;m;Liestal;65;88206
Luuk;Meier;m;Thônex;42;98303
Maris;Krause;m;Küsnacht;64;47933
Miro;Maier;m;Horw;70;45101
Sören;Lehmann;m;Versoix;58;98441
Stanley;Huber;m;Uzwil;64;93675
Vito;Mayer;m;Muri;44;40558
Yigit;Herrmann;m;Meilen;65;71919
Batuhan;Köhler;m;Spiez;29;98217
Edwin;Walter;m;Brig-Glis;27;45153
Jakub;König;m;Richterswil;21;50506
Juri;Schulze;m;Oftringen;21;58380
Kiyan;Fuchs;m;Glarus;21;62379
Meo;Kaiser;m;Amriswil;25;40915
Musa;Lang;m;Küssnacht;31;43551
Raul;Weiß;m;Ebikon;50;40673
Ron;Peters;m;Zollikon;25;40511
Rüzgar;Scholz;m;Rüti;70;82833
Said;Jung;m;Rheinfelden;57;63657
Sammy;Möller;m;Lyss;21;98815
Santiago;Hahn;m;Münchenstein;57;42557
Severin;Keller;m;Delsberg;38;95984
Adem;Vogel;m;Gland;36;40590
Adriano;Schubert;m;Mendrisio;37;62375
Alexandros;Roth;m;Prilly;64;97963
Ansgar;Frank;m;Villars-sur-Glâne;25;41044
August;Friedrich;m;Worb;22;92898
Bo;Beck;m;Buchs;23;98055
Dejan;Günther;m;Davos;21;96081
Eyüp;Berger;m;Ecublens;22;50800
Fridolin;Winkler;m;Affoltern;59;40641
Hüseyin;Lorenz;m;Bassersdorf;44;97053
Ilay;Baumann;m;Ittigen;27;59797
Jay;Schuster;m;Münsingen;70;44894
Jimmy;Kraus;m;Altstätten;56;42201
Josua;Böhm;m;Spreitenbach;21;48780
Merlin;Simon;m;Val-de-Travers;65;63501
Nathanael;Franke;m;Zofingen;70;51700
Quirin;Albrecht;m;Arth;35;77221
Azad;Winter;m;Pfäffikon;66;45404
Davide;Ludwig;m;Männedorf;24;93843
Denny;Martin;m;Oberwil;69;95462
Evan;Krämer;m;Chêne-Bougeries;21;45826
Giuseppe;Schumacher;m;Brugg;28;64004
Jari;Vogt;m;Weinfelden;21;90236
Jascha;Jäger;m;Hinwil;70;97845
Neven;Stein;m;Birsfelden;53;64058
Pierre;Otto;m;Belp;21;48562
Rick;Groß;m;Aesch;70;42955
Tarik;Sommer;m;Le;70;92693
Vinzenz;Haas;m;Möhlin;21;42074
Ahmad;Graf;m;Veyrier;59;40805
Amon;Heinrich;m;Zürich;65;98644
Andrej;Seidel;m;Genf;67;41397
Aurel;Schreiber;m;Basel;57;88800
Bosse;Ziegler;m;Lausanne;27;97050
Demian;Brandt;m;Bern;33;86135
Ethan;Kuhn;m;Winterthur;27;42083
Joe;Schulte;m;Luzern;23;86929
Joey;Dietrich;m;Lugano;39;52027
Nelio;Kühn;m;Biel/Bienne;70;42351
René;Engel;m;Thun;70;41853
Salvatore;Pohl;m;Köniz;68;61471
Simeon;Horn;m;Schaffhausen;26;65060
Luka;Sauer;m;Freiburg;32;68391
Fynn;Arnold;m;Chur;43;56437
Louis;Thomas;m;Neuenburg;43;55461
Lucas;Bergmann;m;Vernier;38;98361
Henri;Busch;m;Uster;46;83777
Niclas;Pfeiffer;m;Sitten;69;63720
Jacob;Voigt;m;Lancy;68;41626
Oscar;Götz;m;Emmen;60;54886
Eric;Seifert;m;Yverdon-les-Bains;22;76217
Raphael;Lindner;m;Zug;46;92355
Mads;Ernst;m;Kriens;57;92505
Yannik;Hübner;m;Rapperswil-Jona;62;97935
Lennart;Kramer;m;Dübendorf;69;92672
Niko;Franz;m;Montreux;21;98145
Niels;Beyer;m;Dietikon;66;40437
Jonah;Wolff;m;Frauenfeld;61;41141
Karl;Peter;m;Wetzikon;37;61909
Mathis;Jansen;m;Baar;69;73607
Konstantin;Kern;m;Meyrin;21;83231
Janis;Barth;m;Riehen;70;99542
Collin;Wenzel;m;Wädenswil;22;62381
Lenni;Hermann;m;Wettingen;62;40726
Dominik;Ott;m;Carouge;29;49569
Maksim;Paul;m;Renens;63;44959
Muhammad;Riedel;m;Kreuzlingen;21;86441
Jaden;Wilhelm;m;Aarau;68;60616
Tony;Hansen;m;Allschwil;21;41488
Tayler;Nagel;m;Bulle;51;68529
Arthur;Grimm;m;Horgen;64;45435
Mark;Lenz;m;Nyon;37;74966
Luc;Ritter;m;Reinach;22;73987
Marwin;Bock;m;Vevey;54;89198
Eliah;Langer;m;Kloten;21;99219
Frederic;Kaufmann;m;Wil;40;82670
Conner;Mohr;m;Baden;60;99603
Ilyas;Förster;m;Gossau;64;47306
Nikolas;Zimmer;m;Onex;21;60343
Finley;Haase;m;Bülach;51;53641
Marko;Lutz;m;Volketswil;67;45496
Klemens;Kruse;m;Bellinzona;36;53913
Lenn;Jahn;m;Muttenz;24;50798
Meik;Schumann;m;Thalwil;56;44005
Eddy;Fiedler;m;Pully;23;86392
Kay;Thiel;m;Olten;42;89795
Laurenz;Hoppe;m;Regensdorf;22;46232
Marcus;Kraft;m;Adliswil;64;63158
Karlo;Michel;m;Monthey;48;97198
Willy;Marx;m;Schlieren;28;41014
Tore;Fritz;m;Martigny;24;49968
Bryan;Arndt;m;Solothurn;30;61559
Tilo;Eckert;m;Grenchen;24;97032
Charly;Schütz;m;Freienbach;38;93832
Riccardo;Walther;m;Illnau-Effretikon;29;51941
Kurt;Petersen;m;Opfikon;45;88460
Viktor;Berg;m;Siders;25;61954
Joseph;Schindler;m;Ostermundigen;67;57773
Ayden;Kunz;m;Steffisburg;33;51548
Domenik;Reuter;m;Burgdorf;27;57573
Thorben;Sander;m;Pratteln;48;68120
Stephan;Schilling;m;Herisau;68;97797
Klaas;Reinhardt;m;Locarno;37;45211
Cedrik;Frey;m;Langenthal;24;45664
Ahmet;Ebert;m;Cham;35;63888
Hasan;Böttcher;m;Morges;47;80058
Janek;Thiele;m;Binningen;36;52015
Elijah;Gruber;m;Wohlen;21;95151
Yven;Schramm;m;Schwyz;70;92714
Nikolai;Hein;m;Einsiedeln;29;64337
Jost;Bayer;m;Stäfa;69;40776
Thiago;Fröhlich;m;Wallisellen;21;44204
